<?xml version="1.0" encoding="UTF-8"?>
<GenRun Id="design_1_microblaze_0_axi_intc_0_synth_1" LaunchPart="xc7a100tcsg324-1" LaunchTime="1723052175">
  <File Type="PA-TCL" Name="design_1_microblaze_0_axi_intc_0.tcl"/>
  <File Type="RDS-PROPCONSTRS" Name="design_1_microblaze_0_axi_intc_0_drc_synth.rpt"/>
  <File Type="REPORTS-TCL" Name="design_1_microblaze_0_axi_intc_0_reports.tcl"/>
  <File Type="RDS-RDS" Name="design_1_microblaze_0_axi_intc_0.vds"/>
  <File Type="RDS-UTIL" Name="design_1_microblaze_0_axi_intc_0_utilization_synth.rpt"/>
  <File Type="RDS-UTIL-PB" Name="design_1_microblaze_0_axi_intc_0_utilization_synth.pb"/>
  <File Type="RDS-DCP" Name="design_1_microblaze_0_axi_intc_0.dcp"/>
  <File Type="VDS-TIMINGSUMMARY" Name="design_1_microblaze_0_axi_intc_0_timing_summary_synth.rpt"/>
  <File Type="VDS-TIMING-PB" Name="design_1_microblaze_0_axi_intc_0_timing_summary_synth.pb"/>
  <FileSet Name="sources" Type="BlockSrcs" RelSrcDir="$PSRCDIR/design_1_microblaze_0_axi_intc_0" RelGenDir="$PGENDIR/design_1_microblaze_0_axi_intc_0">
    <File Path="$PSRCDIR/sources_1/bd/design_1/ip/design_1_microblaze_0_axi_intc_0/design_1_microblaze_0_axi_intc_0.xci">
      <FileInfo>
        <Attr Name="Library" Val="xil_defaultlib"/>
        <Attr Name="UsedIn" Val="synthesis"/>
        <Attr Name="UsedIn" Val="implementation"/>
        <Attr Name="UsedIn" Val="simulation"/>
      </FileInfo>
    </File>
    <Config>
      <Option Name="TopModule" Val="design_1_microblaze_0_axi_intc_0"/>
      <Option Name="UseBlackboxStub" Val="1"/>
    </Config>
  </FileSet>
  <FileSet Name="constrs_in" Type="BlockSrcs" RelSrcDir="$PSRCDIR/design_1_microblaze_0_axi_intc_0" RelGenDir="$PGENDIR/design_1_microblaze_0_axi_intc_0">
    <File Path="$PSRCDIR/sources_1/bd/design_1/ip/design_1_microblaze_0_axi_intc_0/design_1_microblaze_0_axi_intc_0.xci">
      <FileInfo>
        <Attr Name="Library" Val="xil_defaultlib"/>
        <Attr Name="UsedIn" Val="synthesis"/>
        <Attr Name="UsedIn" Val="implementation"/>
        <Attr Name="UsedIn" Val="simulation"/>
      </FileInfo>
    </File>
    <Config>
      <Option Name="TopModule" Val="design_1_microblaze_0_axi_intc_0"/>
      <Option Name="UseBlackboxStub" Val="1"/>
    </Config>
  </FileSet>
  <FileSet Name="utils" Type="Utils" RelSrcDir="$PSRCDIR/utils_1" RelGenDir="$PGENDIR/utils_1">
    <Filter Type="Utils"/>
    <File Path="$PSRCDIR/utils_1/imports/synth_1/design_1_wrapper.dcp">
      <FileInfo>
        <Attr Name="UsedIn" Val="synthesis"/>
        <Attr Name="UsedIn" Val="implementation"/>
        <Attr Name="UsedInSteps" Val="synth_1"/>
        <Attr Name="AutoDcp" Val="1"/>
      </FileInfo>
    </File>
    <Config>
      <Option Name="TopAutoSet" Val="TRUE"/>
    </Config>
  </FileSet>
  <Strategy Version="1" Minor="2">
    <StratHandle Name="Vivado Synthesis Defaults" Flow="Vivado Synthesis 2023"/>
    <Step Id="synth_design"/>
  </Strategy>
</GenRun>
