<?xml version="1.0"?>
<Runs Version="1" Minor="0">
	<Run Id="design_1_microblaze_0_axi_intc_0_synth_1" LaunchDir="C:/VProject/Attempt_4_10-04-2024/LedCount/LedCount.runs/design_1_microblaze_0_axi_intc_0_synth_1" FlowId="Vivado_Synthesis" FromStepId="vivado" ToStepId="vivado"/>
	<Run Id="design_1_xbar_0_synth_1" LaunchDir="C:/VProject/Attempt_4_10-04-2024/LedCount/LedCount.runs/design_1_xbar_0_synth_1" FlowId="Vivado_Synthesis" FromStepId="vivado" ToStepId="vivado"/>
	<Run Id="design_1_axi_hwicap_0_0_synth_1" LaunchDir="C:/VProject/Attempt_4_10-04-2024/LedCount/LedCount.runs/design_1_axi_hwicap_0_0_synth_1" FlowId="Vivado_Synthesis" FromStepId="vivado" ToStepId="vivado"/>
	<Run Id="synth_1" LaunchDir="C:/VProject/Attempt_4_10-04-2024/LedCount/LedCount.runs/synth_1" FlowId="Vivado_Synthesis" FromStepId="vivado" ToStepId="vivado">
		<Parent Id="design_1_microblaze_0_axi_intc_0_synth_1"/>
		<Parent Id="design_1_xbar_0_synth_1"/>
		<Parent Id="design_1_axi_hwicap_0_0_synth_1"/>
	</Run>
	<Parameters>
		<Parameter Name="runs.monitorLSFJobs" Val="true" Type="bool"/>
		<Parameter Name="runs.enableClusterConf" Val="true" Type="bool"/>
	</Parameters>
</Runs>

